titulo,localizacao,data_criacao,id_reclamacao,status,compraria_novamente,nota_atendimento,consideracao_final_consumidor
Garantia estar mais de 30 dias,São Luís - MA,12/01/2023 às 22:34,ID: 157357973,Não respondida,,,
ESTORNO DE VALOR,Fortaleza - CE,10/01/2023 às 09:00,ID: 157092061,Resolvido,Sim,10,"Olá, Francisco. Sentimos muito por ainda estar nessa situação com a operadora do seu Cartão de Crédito.Como mostra nas imagens enviadas por você, enviamos todos os comprovantes que alegam que o pedido já foi cancelado por parte da Sou Energy. Também entramos em contato com a Rede para solicitar mais informações com o intuito de te ajudar a solucionar o quanto antes esse situação com o seu Cartão de Crédito. Agradecemos a compreensão.Conte conosco,SAC Sou Energy."
Falta de acesso,João Pessoa - PB,06/01/2023 às 13:22,ID: 156936121,Não resolvido,Sim,5,"Olá, Maxwell.Sentimos muito pelo ocorrido. Nosso compromisso é sempre proporcionar uma boa experiência aos nossos parceiros de negócio.Como te informei via mensagem através do contato fornecido, devido a inatividade de 60 dias em nossa plataforma, o seu acesso foi desabilitado. Sobre os orçamentos, é aconselhado que seja enviado para o consultor comercial à lista de insumos que você precisa. Assim o consultor realizará o orçamento de acordo com a necessidade de cada projeto. Caso deseje dar continuidade aos novos orçamentos basta conversar com o consultor através do contato que te informei. Em relação a pedidos que já foram feitos e entregues, você pode solicitar mais informações com nosso atendimento através do WhatsApp (11) 4003-4343.Agradecemos a compreensão.Conte conosco,SAC Sou Energy."
EMPRESA NÃO ENTREGA MATERIAL PAGO A 3 MESES,Salvador - BA,02/01/2023 às 14:39,ID: 156621199,Resolvido,Não,9,"Olá, Claudio. Temos como valores, o compromisso e o respeito com nossos parceiros de negócios, focando na máxima transparência. Conforme te informei via ligação, identifiquei que seu pedido está dentro do prazo de produção e entrega, pois o mesmo foi realizado com a modalidade pré-venda. Prezando sempre por boas experiências dos nossos clientes, buscamos a melhor solução para a sua solicitação. Agradecemos a compreensão.Conte conosco,SAC Sou Energy."
querem me obrigar a fazer uma compra,Tijucas - SC,28/12/2022 às 15:49,ID: 156404917,Resolvido,Não,0,"Olá, Lucas. Sentimos muito pelos acontecimentos nos pedidos anteriores. Nosso compromisso é sempre buscar melhorias para proporcionar uma experiencia cada vez mais positiva para nossos parceiros integradores. Diante da sua solicitação em nosso atendimento via chat, compilamos todos os pedidos que você tem conosco desde 2021 em forma de relatório, detalhando informações de data de compra, insumos e entrega. Enviamos também todas as notas fiscais referente aos pedidos realizados. Sobre o bloqueio em nossa plataforma, após  60 dias sem operação, o acesso fica desabilitado. Mas as informações dos pedidos podem ser consultadas através do nosso chat de atendimento (11) 4003-4343. Agradecemos a compreensão.Conte conosco,SAC Sou Energy."
"Entrega incompleta (duas vezes), avariada e demorada!",Barbacena - MG,23/12/2022 às 11:41,ID: 156102017,Respondida,,,
DEMORA PARA ATENDIMENTO DA SOU ENERGY.,Campo Grande - MS,19/12/2022 às 22:11,ID: 155821077,Respondida,,,
Atraso recorrente na entrega.,Pentecoste - CE,19/12/2022 às 08:59,ID: 155741217,Resolvido,Sim,10,"Olá, Paulo.Devido a uma atualização nas datas de recebimentos do insumos em nosso CD, seu pedido teve alteração na data de produção. Prezamos muito por boas parcerias como a sua, por isso buscamos alinhar a melhor solução que atenda sua solicitação. Em nosso último contato, repassamos todas as informações referentes ao seu pedido. Caso tenha ficado com alguma dúvida, basta responder ao nosso consultor disponível ou falar com nosso atendimento através do WhatsApp (11) 4003-4343.Agradecemos a compreensão.Conte conosco,SAC Sou Energy."
Empresa não cumpre prazo de entrega ,Dourados - MS,15/12/2022 às 16:58,ID: 155557307,Em réplica,,,
ESTORNO DE VALOR ,Fortaleza - CE,14/12/2022 às 10:56,ID: 155430745,Resolvido,Sim,10,"Olá, Clecio,Identificamos que você abriu a solicitação de cancelamento referente ao Pedido 143276 em 05/12/2022. Nosso prazo padrão de estorno é de 7 dias úteis.Conforme nosso time alinhou em contato telefônico, a operação de devolução dos valores foi realizada em 09/12/2022, conforme o comprovante de transferência enviado via chat.Como o seu pedido foi realizado através de cartão de crédito, a restituição do limite de compra e remoção da fatura é de responsabilidade da operadora do cartão.Caso você precise de alguma documentação para apresentar junto à operada ou ainda esteja dúvida sobre como proceder, estamos à disposição para lhe ajudar.Conte conosco,SAC Sou Energy"
ESTORNO DE VALOR,Fortaleza - CE,14/12/2022 às 09:47,ID: 155421133,Resolvido,Sim,10,"Olá, Clecio,Identificamos que você abriu a solicitação de cancelamento referente ao Pedido 143276  em 05/12/2022. Nosso prazo padrão de estorno é de 7 dias úteis.Conforme nosso time alinhou em contato telefônico, a operação de devolução dos valores foi realizada em 09/12/2022, conforme o comprovante de transferência enviado via chat.Como  o seu pedido foi realizado através de cartão de crédito, a restituição do limite de compra e remoção da fatura é de responsabilidade da operadora do cartão.Caso você precise de alguma documentação para apresentar junto à operada ou ainda esteja dúvida sobre como proceder, estamos à disposição para lhe ajudar. Conte conosco,SAC Sou Energy"
Pedidos feito e não despachados ,Itanhém - BA,23/11/2022 às 20:48,ID: 154032585,Respondida,,,
Garantia Micro inversor hoymiles,São Paulo - SP,22/11/2022 às 10:44,ID: 153906057,Em réplica,,,
Inversor Growatt com Defeito Sou Energy não faz nada,Curvelo - MG,21/11/2022 às 11:16,ID: 153828449,Resolvido,Sim,10,"Olá, Fernando. Tudo bem?Nosso time verificou internamente sua demanda. Identificamos que inicialmente todo o processo de acionamento de garantia foi realizado diretamente com a fabricante. Do momento que tomamos conhecimento da sua situação, buscamos pela solução mais rápida e viável possível.Assim, após contato com a fabricante, alinhamos que sua reposição será encaminhada pela própria Sou Energy. Acompanharemos todo o processo de envio para deixar você sempre atualizado.Agradecemos desde já sua compreensão.Conte conosco,SAC Sou Energy."
Sem informação clara do repasse confiabilidade da presa a desejar ,Santo Antônio de Jesus - BA,07/11/2022 às 18:51,ID: 153083413,Resolvido,Sim,10,"Olá, Nailton.Sabemos o quão importante é o cumprimento de prazos em pagamentos de repasse. Por uma falha técnica, foi necessário o reagendamento da data do seu pagamento em um dia útil.Pedimos desculpas pelo ocorrido. Estamos a cada dia aplicando melhorias em nossos processos para que nossos parceiros integradores tenham uma boa experiência.Conte conosco, SAC Sou Energy."
placa quebrada de energia solar,Campo Grande - MS,30/10/2022 às 07:59,ID: 152656775,Resolvido,Sim,10,"Olá, Janete. Tudo bem?Sentimos muito pela sua experiência negativa! Sabemos que o gerador fotovoltaico é, para muitos, não apenas um meio de economia, mas também um símbolo de liberdade e sustentabilidade.Ressaltamos que, durante o recebimento do pedido, é fundamental a conferência da mercadoria e do estado de todos os painéis.Em nosso contato via ligação, salientamos que a data de abertura do chamado foi superior ao prazo de 7 dias úteis, conforme informado em nossos Termos de Entrega.Apesar disso, compreendemos sua situação e prezamos por um relacionamento positivo e transparente. Deste modo, conforme alinhamos, atenderemos sua solicitação e acompanharemos a resolução da tratativa com máxima prioridade.Conte conosco,SAC Sou Energy."
Inversor Problematico,Campina Grande - PB,24/10/2022 às 14:32,ID: 152335121,Em réplica,,,
"Não assumem o problema, e simplesmente mandam o cliente se virar",Maringá - PR,20/10/2022 às 12:47,ID: 152145403,Não resolvido,Não,1,"Olá Thiago Sentimos muito que sua primeira compra com a Sou não tenha sido uma experiência positiva. Recebemos sua reclamação em outra plataforma a um mês atrás. Entramos em contato para encontrarmos uma solução, incluindo o envio do insumo faltante.Por decisão do cliente, todavia, optou-se pelo não envio da peça de reposição. Compreendemos sua escolha e, por isso, não buscamos tratativas futuras referentes ao caso.Mais uma vez, pedimos desculpa pelo ocorrido. Reforçamos que sua opinião é muito importante para que possamos sempre melhorar nossos processos. Agradecemos a compreensão,SAC Sou Energy"
"Atraso de repasse, duvida na confiabilidade da empresa",Fortaleza - CE,20/10/2022 às 10:57,ID: 152136545,Respondida,,,
Não entregaram 20 placas,Soure - PA,13/10/2022 às 08:48,ID: 151709973,Respondida,,,
CANCELAMENTO / ESTORNO DA COMPRA CARTÃO CRÉDITO,Imperatriz - MA,12/10/2022 às 10:46,ID: 151676737,Não resolvido,Não,0,"Olá, David. Compreendemos que sua experiência com a Sou Energy não atingiu suas expectativas. Os dados de titularidade, endereço de entrega e método de pagamento de todos os pedidos são confirmados antes da conclusão da compra em nossa plataforma de e-commerce.Após a realização do pedido, a alteração dos dados de pagamento requer o cancelamento e devolução do pedido original. Nossa consultora comercial junto ao time de suporte buscou soluções para sua situação. As opções apresentadas, todavia, não permitiram que chegássemos a um acordo viável.Pedimos desculpas pelos transtornos causados. Reforçamos que a sua opinião é fundamental para identificarmos melhorias em nossos processos e atendermos os clientes de forma cada vez melhor. Agradecemos a compreensão, SAC Sou Energy."
Devolução de valor fora do prazo do direito do consumidor ,Recife - PE,06/10/2022 às 18:50,ID: 151393605,Resolvido,Não,0,"Olá, Suely.Sentimos muito que sua experiência tenha sido negativa. Nós da Sou buscamos sempre deixar os prazos claros para os clientes em cada situação. Confirmamos que o estorno foi executado integralmente em 06 de outubro de 2022, conforme o valor do seu pedido.Mais uma vez, pedimos desculpas por qualquer transtorno causado e reforçamos que a sua opinião é fundamental para identificarmos melhorias em nossos processos e atendermos os clientes de forma cada vez melhor.Conte conosco,SAC Sou Energy"
Atraso na entrega ,São Paulo - SP,12/09/2022 às 18:50,ID: 150040837,Resolvido,Sim,8,"Olá, Paulo. Tudo bem?Conforme conversamos via ligação, a entrega do pedido esta dentro do prazo de recebimento para a sua região e a mesma foi informado no ato da compra. Estamos acompanhando de perto a entrega do seu pedido. Caso precise de mais informações ou tenha ficado alguma dúvida, é só nos procurar em nosso canal de atendimento. Vou aproveitar o momento e pedir que você deixe a sua avaliação em sua manifestação. A sua opinião é muito importante para que possamos continuar melhorando nossos processos e seguirmos com nossa parceria.  Conte conosco,SAC Sou Energy"
Falta de Material,Santos Dumont - MG,11/09/2022 às 10:06,ID: 149962499,Resolvido,Sim,9,"Olá, Jussara. Tudo bem?Conforme falamos sobre sua solicitação via whatsapp foi atendida e já está em rota de entrega.Os detalhes relacionados ao rastreio do seu pedido já foram enviados no seu contato. Caso precise de alguma coisa, fique a vontade de me responder esta mensagem, que com muito prazer iremos te ajudar.Conte conosco,SAC Sou Energy."
ATRASO SEM PREVISÃO DE ENTREGA E NEM RESPOSTA PEDIDO 103187,Fortaleza - CE,23/08/2022 às 09:05,ID: 148956893,Resolvido,Sim,4,"Olá, Jorge Yuri. Tudo bem?Conforme nos falamos via whatsapp, a transportadora responsável pela entrega, entrou em contato com o cliente final e realizou o agendamento.Iremos continuar acompanhando a situação até a conclusão da entrega.Conte conosco,SAC Sou Energy."
"Péssimo em suporte pós venda e não presta garantia, não comprem com esse fornecedor",Natal - RN,07/08/2022 às 17:14,ID: 148077461,Resolvido,Sim,10,"Olá, Matheus. Tudo bem?Agradecemos a sua iniciativa em nos procurar para descrever o ocorrido nos proporcionando a chance de solução.Conforme falamos sobre o seu pedido via whatsapp, já atendemos a sua solicitação e todas informações referente á entrega foram direcionadas ao whastapp. De igual maneira, vou ficar acompanhando a sua reclamação e no momento que eu tiver mais algum detalhe, irei notificar você. Não se preocupe quanto a isso estamos juntos para resolvermos o mais rápido possível.Conte conosco,SAC Sou Energy."
Falta de compromisso ,Petrolina - PE,02/08/2022 às 23:19,ID: 147837931,Resolvido,Não,6,"Olá, Bruna. Tudo bem?Agradecemos a sua iniciativa em nos procurar para descrever o ocorrido nos proporcionando a chance de solução. Conforme falamos via whatsapp atendemos a solicitação, todas as informações adicionais foram comunicadas a senhora. Caso precise mais alguma coisa, pode ficar á vontade para me responder essa mensagem, ou entrar em contato via whatsapp.Conte conosco,SAC Sou Energy."
Mandaram a Reclamação  a outra Empresa.,Curitiba - PR,28/07/2022 às 15:12,ID: 147555101,Resolvido,Não,3,"Olá Sr. Orlando.De acordo com o que conversamos, houve um equívoco na abertura da sua solicitação, pois a compra não foi realizada em nossa distribuidora.Solicito por favor que a reclamação seja excluída, pois nesse caso, fomos confundidos com outra distribuidora que o senhor realizou a compra.Conte conosco,SAC Sou Energy."
ATRASO EM ENTREGA SEM JUSTIFICATICA ,Salvador - BA,07/07/2022 às 12:13,ID: 146373343,Resolvido,Sim,10,"Olá Bruno!Conforme alinhado com você, via whatsapp, iremos realizar uma compensação devido o atraso dos insumos, para que você e nem o seu cliente fiquem prejudicados.Caso precise de alguma coisa, fique a vontade de me responder esta mensagem, e eu com muito prazer vou te ajudar.Conte conosco,SAC Sou Energy"
Não recebi o certificado de garantia ,Natal - RN,26/06/2022 às 22:20,ID: 145758485,Em réplica,,,
ATRASO NAS ENTREGAS,Salvador - BA,20/06/2022 às 16:34,ID: 145419117,Respondida,,,
Não comprem nessa empresa ,Piracicaba - SP,10/06/2022 às 07:34,ID: 144896769,Respondida,,,
EMPRESA NÃO RESPEITA OS CLIENTES COMO PESSOAS,Araraquara - SP,31/05/2022 às 09:07,ID: 144296129,Não resolvido,Não,0,"Olá, Flávio. Tudo bem?De acordo com o que conversamos via whatsapp, todas as informações referentes aos seu pedidos, já te informamos. Enviamos também uma proposta de compensação, referente ao atraso.Buscamos diariamente melhorar nossos processos internos, para fortalecer nossas parcerias cada vez mais. Contamos com a sua compreensão e qualquer dúvida permanecemos a disposição. Caso precise de algo, estarei aqui :)Conte conosco,SAC Sou Energy."
ATRASO NAS ENTREGAS,Salvador - BA,25/05/2022 às 18:21,ID: 144025129,Respondida,,,
Alerta não cumprem com as datas!!!,Piracicaba - SP,24/05/2022 às 20:12,ID: 143965657,Respondida,,,
Não entrega os pedidos e não devolve o pagamento,Campos dos Goytacazes - RJ,24/05/2022 às 12:50,ID: 143933329,Resolvido,Não,0,"Olá Leandro. Tudo bem?Conforme nos falamos via whatsapp iremos atender a sua solicitação, todas as informações adicionais iremos comunicar ao senhor. Caso precise mais alguma coisa, pode ficar á vontade para me responder essa mensagem, ou entrar em contato via whatsapp.Estamos à sua disposição.Conte conosco,SAC Sou Energy."
Não cumpre os prazos de entrega ,Coreaú - CE,23/05/2022 às 13:15,ID: 143864105,Resolvido,Sim,7,"Olá Olimpio. Tudo bem?Conforme falamos sobre o seu pedido via whatsapp, já está em rota de entrega. A Nota fiscal e link para rastreio já enviamos. Caso precise de alguma coisa, fique a vontade de me responder esta mensagem ou chamar no whatsapp que irei te ajudar.Conte conosco,SAC Sou Energy."
EMPRESA NÃO ENTREGA SISTEMAS SOLARES,Fortaleza - CE,19/05/2022 às 14:08,ID: 143693061,Não resolvido,Não,0,"Olá Jorge, tudo bem!Conforme falamos sobre os seus pedidos, todas informações já foram direcionamos para os seu whatsapp e em conversa com os clientes, já enviamos as Notas Fiscais e links das transportadoras para que possam também ficar acompanhando a chegada do kit.Caso precise de alguma coisa, pode nos contatar novamente. Ficarei acompanhando a sua solicitação e fico a sua disposição.Conte conosco,SAC Sou Energy."
Instalação incompleta ,São Paulo - SP,17/05/2022 às 13:40,ID: 143561529,Não resolvido,Não,0,"Olá Flávio. Tudo bem?Conforme conversamos via whatsapp, a instalação já foi concluída e está faltando apenas a vistoria da Enel, para seu sistema começar a gerar.Caso precise de alguma coisa, fique à vontade de me responder esta mensagem, ou entrar em contato via whatsapp também.Conte conosco,SAC Sou Energy."
Placa avariada chegou na transportadora e eles não querem trocar.,Timóteo - MG,12/05/2022 às 19:15,ID: 143325983,Resolvido,Sim,6,"Olá Tomáz. Tudo bem?Sentimos que tenha tido essa experiência, contudo a tratativa da sua solicitação foi iniciada corretamente. De acordo com nossa análise, sua solicitação se deu procedente. O painel foi enviado e já entregue!Conte conosco,SAC Sou Energy."
Problemas com o reconhecimento de pagamento,Fortaleza - CE,12/05/2022 às 12:10,ID: 143295761,Não resolvido,Não,0,"Olá, João. Tudo bem?Como te explicamos via whatsapp, seu pedido foi entregue na data de 13/05. Sentimos que tenha tido essa experiência. Se tiver ficado com alguma dúvida em relação a nossa resposta, é só nos responder por aqui mesmo ou via whatsapp.Conte conosco,SAC Sou Energy."
"Empresa enrolada, [Editado pelo Reclame Aqui] e de funcionários inaptos ao trabalho!",Salvador - BA,11/05/2022 às 15:41,ID: 143242853,Respondida,,,
Não cumprem prazos ,Teresina - PI,10/05/2022 às 10:06,ID: 143140569,Em réplica,,,
Atrasos e postergações na entrega,Boa Esperança do Sul - SP,28/04/2022 às 15:35,ID: 142538191,Resolvido,Sim,8,"Olá, Lucas. Tudo bem?De acordo como conversamos via whatsapp, seu pedido já está em rota de entrega e todas as informações referente ao seu kit gerador, já atualizei sobre a data de entrega. Caso precise de alguma coisa, fique a vontade de me responder esta mensagem, ou pode entrar em contato pelo whatsapp e eu com muito prazer vou te ajudar.Conte conosco,SAC Sou Energy."
Atraso da entrega do produto e não tem posição para quando irá entregar,Araguaína - TO,28/04/2022 às 13:22,ID: 142528329,Resolvido,Não,6,"Olá, Josimar. Tudo bem?Em concordância com o que falamos via whatsapp, já enviamos a NF e o link para rastreio referente ao seu kit gerador. Seu pedido já está em rota de entrega. Que bom que consegui te ajudar! Ficarei acompanhando a sua solicitação e fico a sua disposição.Conte conosco,SAC Sou Energy."
"Vendem o que não tem, enviam equipamento errado e não corrigem o erro",Bauru - SP,28/04/2022 às 11:35,ID: 142520189,Em réplica,,,
"Atraso na entrega dos equipamentos, cliente furioso e ainda põem a culpa no integrador.",Fortaleza - CE,22/04/2022 às 12:00,ID: 142205057,Resolvido,Sim,8,"Olá Luís! Tudo bem?Em mensagem privada, enviamos as informações sobre o seu pedido, a tratativa na sua solicitação já foi atendida e o seu pedido foi entregue. Pedimos desculpas pelo transtorno gerado, pois não foi nossa intenção causar qualquer tipo de insatisfação.Conte conosco,SAC Sou Energy."
Comprei e nao recebi,Fortaleza - CE,22/04/2022 às 09:34,ID: 142194961,Resolvido,Sim,5,"Olá Ricardo. Tudo bem?Conforme conversamos via whatasapp, enviamos a NF com link para rastreio com todas informações necessárias. Caso precise de alguma coisa, fique a vontade de me responder esta mensagem, e eu com muito prazer vou te ajudar.Conte conosco,SAC Sou Energy."
Atraso na entrega de equipamento fotovoltaico,Recife - PE,05/04/2022 às 16:43,ID: 141306995,Não resolvido,Não,0,"Olá Suzanna. Tudo bem?Seu pedido foi expedido no dia 01/04. Ficarei responsável em tratar sua solicitação até que seja resolvido com sucesso.Pedimos desculpas pelo transtorno gerado, pois não foi nossa intenção causar qualquer tipo de insatisfação. Agradeço a sua confiança e temos prazer em te atender sempre.Conte conosco,SAC Sou Energy."
Pagamento ainda não reconhecido,Porto Seguro - BA,05/04/2022 às 13:00,ID: 141288339,Resolvido,Sim,7,"Olá Jonatan. Tudo bem?Já foi realizado o reconhecimento do pagamento, e seu pedido entrou programação de produção, tendo em vista que sua compra foi realizada na modalidade de pré-venda, para o dia 05/04, ainda estamos dentro do prazo. Sentimos que tenha tido essa experiência.Agradeço a sua confiança e temos prazer em te atender sempre.Conte conosco,SAC Sou Energy."
"Falta de compromisso, remarcação nobprazo de entrega. Não responde as mensagens e ligações",Santo Antônio de Jesus - BA,04/04/2022 às 12:20,ID: 141210703,Em réplica,,,
Sou Energy - fora do prazo de novooo !1,Maceió - AL,28/03/2022 às 19:58,ID: 140851595,Resolvido,Sim,10,"Olá, Tássio. Tudo bem?Conforme nos falamos, foi enviado a NF e link para rastreio referente ao pedido acima. Vou ficar acompanhando a sua solicitação e no momento que eu tiver mais algum detalhe, vou notificar você.Qualquer dúvida, é só entrar em contato, tá?Agradeço a sua confiança e temos prazer em te atender sempre.Conte conosco,SAC Sou Energy"
Solicitação de garantia,Goiânia - GO,25/03/2022 às 23:46,ID: 140731965,Resolvido,Sim,5,"Olá Luciano. Tudo bem?Como te explicamos no nosso chat e via whatsapp, para que seja acionado a garantia, solicitamos que seja enviado para que possamos realizar teste no micro. Não se preocupe quanto a isso estou contigo para resolvermos o mais rápido possível. Caso precise de alguma coisa, fique a vontade de me responder esta mensagem, e eu com muito prazer vou te ajudar, ou se preferir, pode entrar em contato novamente no whatsapp.Agradeço a sua confiança e temos prazer em te atender sempre.Conte conosco,SAC Sou Energy."
EMPRESA ENGANADORA!!! NAO CUMPRE PRAZO!!! ENROLA!!! TOTAL FALTA DE RESPEITO,Campo Grande - MS,25/03/2022 às 21:55,ID: 140728963,Resolvido,Sim,7,"Olá Grisangela. Tudo bem?De acordo com o que conversamos via whatsapp, estamos acompanhando a entrega dos painéis.Já enviei a NF e dados para rastreio, peço por favor, que aguarde a chegada e as atualizações no site da transportadora, conforme enviado os dados via whatsapp.Agradeço a sua confiança e temos prazer em te atender sempre.Conte conosco,SAC Sou Energy."
ATRASO E MUDANÇA CONSTANTE NO PRAZO DE ENTREGA,João Pessoa - PB,23/03/2022 às 16:30,ID: 140578901,Resolvido,Sim,8,"Olá Paloma. Tudo bem?Nosso time de Relacionamento entrou em contato com o Júlio para atualizá-lo sobre a situação do seu pedido. Contudo da tratativa do seu caso foi iniciada corretamente. Assim que houver alguma novidade ou necessidade, eu falo com você ou com o Júlio por aqui ou por telefone, ok?Qualquer dúvida, é só entrar em contato, tá?Conte conosco,SAC Sou Energy."
DESCUMPRIMENTO NO PRAZO DE ESTORNO - COMPRA CANCELADA,PRESIDENTE DUTRA - MA,23/03/2022 às 11:41,ID: 140554127,Resolvido,Não,5,"Olá Thaynara. Tudo bem?Conforme solicitado, o estorno foi realizado na conta da Solfácil. Agradecemos a sua iniciativa em nos procurar para descrever o ocorrido nos proporcionando a chance de solução.Aproveito para pedir que você deixe a sua avaliação, pois sua opinião é fundamental para que possamos melhorar nossos processos, produtos e nosso atendimento cada dia mais.Estou à sua disposição.Conte conosco,SAC Sou Energy"
"Essa Empresa não é séria - atrasos, falta de material e falta de clareza com cliente",Maringá - PR,22/03/2022 às 12:10,ID: 140483457,Em réplica,,,
EMPRESA NÃO RESPEITA O CLIENTE E SÓ APRESENTA DESCULPAS ESFARRAPADAS,Araraquara - SP,22/03/2022 às 09:12,ID: 140466279,Não resolvido,Não,0,"Olá, Flávio. Tudo bem?Conforme falamos via whatsapp sobre seus pedidos, já encaminhei as Notas fiscais e link de rastreio, para que você possa ficar acompanhando a chegada dos seus pedidos.De igual maneira, vou ficar acompanhando a sua solicitação e no momento que eu tiver mais algum detalhe, vou notificar você. Não se preocupe quanto a isso estou contigo para resolvermos o mais rápido possível.Qualquer dúvida, é só entrar em contato, tá?Conte conosco,SAC Sou Energy"
"7 PEDIDOS ATRASADOS, EMPRESA NÃO TEM COMPROMISSO COM O CLIENTE",Curvelo - MG,21/03/2022 às 08:53,ID: 140388079,Não resolvido,Não,0,"Oi Fernando. Tudo bem?Em mensagem privada enviamos o detalhamento da situação dos seus pedidos. Estou acompanhando a sua solicitação, qualquer atualização, entro em contato com você, no contato do whatapp.Qualquer dúvida, é só entrar em contato, tá?Conte conosco,SAC Sou Energy."
ATRASO E MUDANÇA CONSTANTE NO PRAZO DE ENTREGA,João Pessoa - PB,18/03/2022 às 17:28,ID: 140304173,Resolvido,Sim,8,"Olá Paloma. Tudo bem?De acordo com nossa conversa com o Sr. Júlio, estamos em negociação e já informamos os prazos de chegada dos insumos em nosso CD.Estou acompanhando a sua solicitação e no momento que eu tiver mais algum detalhe, vou notificar você. Não se preocupe quanto a isso estou contigo para resolvermos o mais rápido possível.Agradeço a sua confiança e temos prazer em te atender sempre.Conte conosco,SAC Sou Energy."
Entrega /Estorno,São José do Rio Preto - SP,15/03/2022 às 08:53,ID: 140046861,Resolvido,Não,5,"Olá Marcelo. Tudo bem?De acordo com nossa conversa via whatsapp, o estorno referente ao seu pedido já foi realizado.Também aproveitamos para pedir que você deixe a sua avaliação em sua manifestação, pois sua opinião é fundamental para que possamos melhorar nossos processos, produtos e nosso atendimento cada dia mais.Estou à sua disposição.Conte conosco,SAC Sou Energy."
"ATRASO ENORME!!! DESCASO!!! E AINDA QDO CHEGA, O PRODUTO VEM QUEBRADO!!! INACREDITÁVEL!!!",Campo Grande - MS,14/03/2022 às 12:26,ID: 139988321,Resolvido,Não,6,"Oi Grisangela. Tudo bem?Conforme nos falamos via whatsapp, estamos em tratativa com os insumos avariados do seu kit, para reenviarmos com mais brevidade possível.Todas as informações adicionais referentes ao seu pedido, estamos direcionando via whatsapp e e-mailIrei ficar acompanhando a sua solicitação e no momento que eu tiver mais algum detalhe, vou notificar você. Conte conosco,SAC Sou Energy"
Atraso no Prazo para Instalação ,Recife - PE,12/03/2022 às 09:49,ID: 139905959,Não resolvido,Não,0,"Olá, Ana Amélia. Tudo bem?Como te informei via whatsapp, houve o atraso na chegada dos insumos que compõe o seu kit, vou ficar acompanhando a sua reclamação e no momento que eu tiver mais algum detalhe, vou notificar você. Não se preocupe quanto a isso estou contigo para resolvermos o mais rápido possível.Caso precise de alguma coisa, fique a vontade de me responder esta mensagem, ou me chamar no whatsapp e eu com muito prazer vou te ajudar.Conte conosco,SAC Sou Energy"
Atraso na entrega.. querem me enrolar!!!,Ilhéus - BA,10/03/2022 às 11:48,ID: 139787025,Não resolvido,Não,0,"Olá, Maxwell. Tudo bem?Agradecemos a sua iniciativa em nos procurar para descrever o ocorrido nos proporcionando a chance de solução, conforme nos falamos via whatsapp, tivemos um atraso com nosso fornecedor, portanto precisamos expandir os prazos, ocasionando o atraso na sua entrega. De todo modo, colocamos como prioritária a produção e expedição do seu kit.Agradeço a sua confiança e temos prazer em te atender sempre.Conte conosco,SAC Sou Energy."
Envio do kit fotovoltaico faltando componentes,Ouro Branco - MG,09/03/2022 às 12:39,ID: 139717547,Resolvido,Sim,5,"Olá, Fernando. Tudo bem?Agradecemos a sua iniciativa em nos procurar para descrever o ocorrido nos proporcionando a chance de solução. Conforme conversamos via whatsapp, já tomamos as devidas providências e reenviamos seus insumos de acordo com o pedido original, já enviei também a NF para acompanhar a chegada dos seus insumos.Ficarei acompanhando a sua reclamação e fico a sua disposição.Conte conosco,SAC Sou Energy"
Reclamação ,Teresina - PI,03/03/2022 às 06:50,ID: 139329829,Respondida,,,
Irregularidade na compra da garantia estendida ,Feira de Santana - BA,21/02/2022 às 20:55,ID: 138843341,Em réplica,,,
4 meses e nada ainda..,Nossa Senhora da Glória - SE,21/02/2022 às 13:28,ID: 138807831,Resolvido,Não,1,"Oi Thiago. Tudo bem?Nosso time de Relacionamento com o Cliente está em contato com você. Já enviamos a NF e dados para rastreio do item de reposição para que você consiga ficar acompanhando a chegada do seu produto.Vou ficar acompanhando a sua solicitação e no momento que eu tiver mais algum detalhe, vou notificar você. Não se preocupe quanto a isso estou contigo para resolvermos o mais rápido possível.Estou a disposição!Conte conosco,SAC Sou Energy"
ATRASO NA ENTREGA,Paulista - PE,21/02/2022 às 13:09,ID: 138806117,Resolvido,Sim,9,"Olá Gleyton. Tudo bem?Em mensagem privada, enviamos o detalhamento do seu pedido, tivemos algumas intercorrências, mas seu pedido, foi enviado dia 22/02/2022 e entregue dia 01/03/2022. Sentimos que tenha tido essa experiência.Qualquer dúvida, é só entrar em contato, tá?Conte conosco,SAC Sou Energy."
Diversas Entregas Incompletas,Curvelo - MG,16/02/2022 às 14:03,ID: 138548389,Não resolvido,Não,0,"Olá Fernando. Tudo bem?Conforme conversamos via whatsapp, estou acompanhando o seu caso até que os mesmos sejam finalizados com sucesso. Enviei os dados para rastreio dos itens faltantes dos seus pedidos.Pedimos desculpas pelo transtorno gerado, pois não foi nossa intenção causar qualquer tipo de insatisfação.Estou à sua disposição!Conte conosco,SAC Sou Energy."
Não cumprem o próprio prazo de entrega,Colatina - ES,14/02/2022 às 15:53,ID: 138406349,Resolvido,Sim,6,"Olá Adalberto. Tudo bem?Agradecemos a sua iniciativa em nos procurar para descrever o ocorrido nos proporcionando a chance de solução, e claro, fiquei muito contente em saber que vou conseguir ajudar você.Nosso time de Relacionamento com o Cliente está em contato com você sobre seu caso, acompanhando o provisionamento de expedição do equipamento em questão.Conte conosco,SAC Sou Energy."
Sistema de placa solar sem funcionar.,Jaguaribe - CE,14/02/2022 às 15:36,ID: 138404807,Resolvido,Sim,9,"Olá Lucas. Tudo bem?Nosso time de Relacionamento com o Cliente está em contato com você sobre seu caso, acompanhando a resolução do caso do equipamento em questão.Conte conosco,SAC Sou Energy."
PRODUTO INCORRETO NA ENTREGA,BATATAIS - SP,11/02/2022 às 14:57,ID: 138276391,Resolvido,Não,7,"Olá Geison. Tudo bem?Nosso time de Relacionamento com o Cliente está em contato com você sobre seu caso, acompanhando o provisionamento de expedição do equipamento em questão.Conte conosco,SAC Sou Energy."
Entrega nos equipentos,TERESINA - PI,09/02/2022 às 16:48,ID: 138146379,Em réplica,,,
Prometem e não entregam ,Fortaleza - CE,08/02/2022 às 07:55,ID: 138029351,Não resolvido,Não,0,"Olá João Mateus. Tudo bem?Nosso time de Relacionamento com o Cliente está em contato com o Robson sobre a situação da entrega do insumo faltante. Estamos acompanhando o provisionamento de expedição do equipamento em questão.Conte conosco,SAC Sou Energy."
Faltando insumos para liberação do sistema,Caucaia - CE,05/02/2022 às 16:01,ID: 137910135,Resolvido,Sim,10,"Olá Robson. Tudo bem?Nosso time de Relacionamento com o Cliente está em contato com você sobre seu caso, acompanhando o provisionamento de expedição do equipamento em questão.Conte conosco,SAC Sou Energy."
Não entregam no prazo informado ,Fortaleza - CE,03/02/2022 às 12:29,ID: 137781531,Resolvido,Não,0,"Olá, Francisco Cleiton. Tudo bem?Nosso time de Relacionamento entrou em contato com você para atualizá-lo sobre a situação do seu pedido.Pedimos desculpas pela alteração do prazo de envio de seus equipamentos. Enfrentamos inúmeros desafios logísticos neste final deste ano, elevando a alteração na sua data de pré-venda.Seu pedido foi expedido em 01/02 e já se encontra em trânsito para o endereço de entrega. Os prazos de entrega foram informados via WhatsApp e estaremos acompanhando o transporte de perto para que não haja maiores intercorrências. De acordo com o rastreio da transportadora a entrega foi realizada 08/02.Conte conosco,SAC Sou Energy."
PEDIDO N 65470 ATRASADOOOOOOO!!!!!,Brasília - DF,28/01/2022 às 15:41,ID: 137452807,Resolvido,Não,1,"Olá, Marcos. Tudo bem?Nosso time de Relacionamento entrou em contato com você para atualizá-lo sobre a situação do seu pedido.Conte conosco,SAC Sou Energy."
Comprei um inversor fotovoltáico da Marca Livoltek que dois mês apos apresentou problema,Araraquara - SP,22/01/2022 às 12:17,ID: 137083285,Resolvido,Sim,5,"Olá Olívio. Tudo bem?Nosso time de Relacionamento com o Cliente está em contato com você sobre seu caso. E solicitamos desde já, para que a Pro Sun, entre em contato conosco para que possamos registrar e avaliar juntamente com nossa equipe de suporte técnico uma solução para o seu problema.Conte conosco,SAC Sou Energy."
PEDIDO 52374 ATRASADO,Curvelo - MG,20/01/2022 às 10:53,ID: 136962035,Não resolvido,Não,0,"Olá, Fernando. Tudo bem?Nosso time de Relacionamento entrou em contato com você para atualizá-lo sobre a situação do seu pedido.Pedimos desculpas pela alteração do prazo de envio de seus equipamentos. Enfrentamos alguns desafios logísticos neste final deste ano, elevando a alteração na sua data de pré-venda.Seu pedido foi expedido em 28/01 e já se encontra em trânsito para o endereço de entrega. Os prazos de entrega foram informados via WhatsApp e estaremos acompanhando o transporte de perto para que não haja maiores intercorrências.Conte conosco,SAC Sou Energy."
PEDIDOS ERRADOS E NÃO REPARADOS,Belo Horizonte - MG,14/01/2022 às 16:44,ID: 136646689,Respondida,,,
PEDIDO NÃO ENTREGUE,Mutuípe - BA,10/01/2022 às 20:30,ID: 136371317,Respondida,,,
"Descaso, falta de comprometimento com a data de entrega.",Cuiabá - MT,10/01/2022 às 18:41,ID: 136363399,Resolvido,Não,0,"Olá, Hugo. Tudo bem?Nosso time de Relacionamento entrou em contato com você para atualizá-lo sobre a situação do seu pedido.Pedimos desculpas pela alteração do prazo de envio de seus equipamentos. Enfrentamos inúmeros desafios logísticos neste final deste ano, levando à alteração na sua data de pré-venda.Seu pedido foi expedido em 20/01 e já se encontra em trânsito para o endereço de entrega. Os prazos de entrega foram informados via WhatsApp e estaremos acompanhando o transporte de perto para que não haja maiores intercorrências.Conte conosco,SAC Sou Energy."
Banana não é igual a laranja!,Parnaíba - PI,10/01/2022 às 12:13,ID: 136327247,Resolvido,Sim,6,"Oi Cristiane, tudo bem?Nosso time de sucesso do cliente, já está em contato com você, para solucionarmos da melhor forma possível a situação.Ficamos a sua disposição para qualquer dúvida ou outra questão que julgar necessária.Atenciosamente,Equipe Sou Energy"
descaso,Tijucas - SC,05/01/2022 às 08:27,ID: 136023687,Não resolvido,Não,1,"Oi Lucas, tudo bem? Nosso time de sucesso do cliente, já está em contato com você, para solucionarmos da melhor forma possível a situação. Ficamos a sua disposição para qualquer dúvida ou outra questão que julgar necessária.Atenciosamente,Equipe Sou Energy"
Não cumprem o prazo de entrega,Fortaleza - CE,03/01/2022 às 14:44,ID: 135896019,Resolvido,Não,3,"Oi Charles, tudo bem?Nosso time de sucesso do cliente, já está em contato com você, para solucionarmos da melhor forma possível a situação.Ficamos a sua disposição para qualquer dúvida ou outra questão que julgar necessária.Atenciosamente,Equipe Sou Energy"
Não entregou produto comprado,Santo Antônio de Jesus - BA,03/01/2022 às 11:53,ID: 135879873,Resolvido,Não,0,"Olá, Marcos. Tudo bem?Nosso time de Relacionamento entrou em contato com você para atualizá-lo sobre a situação do seu pedido.Pedimos desculpas pela alteração do prazo de envio de seus equipamentos. Enfrentamos inúmeros desafios logísticos neste final deste ano, elevando a alteração na sua data de pré-venda.Seu pedido foi expedido em 05/01 e entregue dia 13/01.Conte conosco,SAC Sou Energy."
Entrega fora do prazo SOU ENERGY !!!,Maceió - AL,28/12/2021 às 12:15,ID: 135629029,Resolvido,Sim,10,"Olá, Tássio, tudo bem?Pedimos desculpas pelo atraso do seu pedido. Neste final de 2021, enfrentamos inúmeros desafios por conta de fatores externos que afetaram nosso fornecimento de equipamentos.Nosso time de Relacionamento entrou em contato com você e está acompanhando seu processo conosco. Sua compra foi realizada em modalidade pré-venda, sua mercadoria foi expedida em 05/12 pela transportadora TERMACO. Agradecemos a compreensão.Conte conosco,SAC Sou Energy."
Sou Energy = Descompromisso com os prazos de entrega.,Recife - PE,27/12/2021 às 23:17,ID: 135600275,Respondida,,,
Não cumprem o prazo de entrega,Fortaleza - CE,27/12/2021 às 12:01,ID: 135546775,Resolvido,Não,3,"Oi Charles, tudo bem?Nosso time de sucesso do cliente, já está em contato com você, para solucionarmos da melhor forma possível a situação.Ficamos a sua disposição para qualquer dúvida ou outra questão que julgar necessária.Atenciosamente,Equipe Sou Energy"
A empresa não entrega o que vende.,Fortaleza - CE,21/12/2021 às 15:19,ID: 135275271,Respondida,,,
Produto não recebido!,Amargosa - BA,20/12/2021 às 11:58,ID: 135168809,Em réplica,,,
Sou energy não entrega produto no prazo mais de um mês de atraso e foi pago a vista,Fortaleza - CE,18/12/2021 às 07:05,ID: 135075125,Respondida,,,
Empresa não cumpre prado a vista ,Fortaleza - CE,18/12/2021 às 07:00,ID: 135075057,Respondida,,,
Entrega em endereço errado,Colatina - ES,17/12/2021 às 16:35,ID: 135048959,Resolvido,Sim,6,"Olá, Adalberto. Tudo bem?Pedimos desculpas pelo inconveniente da entrega de sua mercadoria e pela falha no atendimento em dar prosseguimento a solicitação de alteração de endereço. De fato, não é possível dar continuidade a pedidos com endereços de cobrança e entrega em estados diferentes.Nosso time de Relacionamento entrou em contato com você e sua cliente final buscando uma solução da situação. Gostaríamos de informá-lo que a entrega foi concluída sem intercorrências em 07/01. Agradecemos a compreensão. Para maiores dúvidas, você poderá nos contatar através dos nossos canais de WhatsApp e Telefone através do (11) 4003 4343.Conte conosco,SAC Sou Energy."
Ninguém me responde quando chega o sistema solar comprado.,Fortaleza - CE,16/12/2021 às 11:36,ID: 134941873,Resolvido,Sim,5,"Oi Luís, tudo bem? Nosso time de sucesso do cliente entrou em contato com você, para solucionarmos da melhor forma possível a situação. Seu pedido foi adquirido na categoria de pré-venda. Verificamos que seu kit foi entregue no dia 03/01/2022.Ficamos a sua disposição para qualquer dúvida ou outra questão que julgar necessária.Atenciosamente,Equipe Sou Energy"
Atraso na entrega ,Fortaleza - CE,08/12/2021 às 21:12,ID: 134421313,Respondida,,,
Comprei um sistema solar e até agora não me entregaram! ,Teresina - PI,06/12/2021 às 18:57,ID: 134231931,Resolvido,Sim,7,"Olá, Gabriel. Tudo bem?Nosso time de Relacionamento entrou em contato com você para atualizá-lo sobre a situação do seu pedido. Pedimos desculpas pela alteração do prazo de envio de seus equipamentos. Enfrentamos inúmeros desafios logísticos neste final deste ano, levando à alteração na sua data de pré-venda.Seu pedido foi expedido em 14/12 e já se encontra em trânsito para o endereço de entrega. Os prazos de entrega foram informados via WhatsApp e estaremos acompanhando o transporte de perto para que não haja maiores intercorrências.Conte conosco,SAC Sou Energy."
Atraso na entrega de kit Fotovoltaico,Campina Grande - PB,06/12/2021 às 15:06,ID: 134210099,Resolvido,Sim,7,"Olá, Jair. Tudo bem?Nosso time de Relacionamento entrou em contato com você para atualizá-lo sobre a situação do seu pedido. Pedimos desculpas pela alteração do prazo de envio de seus equipamentos. Enfrentamos inúmeros desafios logísticos neste final deste ano, levando a alteração na sua data de pré-venda.Seu pedido foi expedido em 15/12 e já se encontra em trânsito para o endereço de entrega. Os prazos de entrega foram informados via WhatsApp e estaremos acompanhando o transporte de perto para que não haja maiores intercorrências.Conte conosco,SAC Sou Energy."
"MENTIRA EM ATENDIMENTO, NAO OBTIVE RESOLUÇÃO EM UMA OCORRENCIA",Brejo - MA,02/12/2021 às 15:00,ID: 133989823,Resolvido,Sim,2,"Olá, Marcus. Tudo bem?Nosso time de Relacionamento entrou em contato com você sobre a situação dos insumos de reposição da sua ocorrência. Pedimos desculpas pela alteração sucessiva de prazos, tentamos sempre manter nossos parceiros atualizados de acordo com o andamento da chegada de novos lotes de módulos fotovoltaicos.Sua reposição foi expedida em 15/12 e já se encontra em trânsito para o endereço de entrega. Os prazos de entrega foram informados via WhatsApp e estaremos acompanhando o transporte de perto para que não haja maiores intercorrências.Conte conosco,SAC Sou Energy."
Nota Fiscal,Tijucas - SC,01/12/2021 às 22:58,ID: 133943483,Não resolvido,Não,0,estou muito decepcionado. péssimo pós venda
sou energy não cumpre prazo de entrega dos seus produtos(kits de energia solar) que vende,Parnaíba - PI,01/12/2021 às 22:56,ID: 133943373,Não resolvido,Sim,3,"Olá, Cristiane. Tudo bem?Lamentamos os transtornos causados pela alteração na data de pré-venda. Em nossa conjuntura atual, nossos fornecedores ainda vêm sendo afetados pela carência de matéria prima e dificuldades logísticas.Preocupado com vocês, integradores, nosso time comercial e de relacionamento buscou soluções para contornar esta situação. A mercadoria referente ao Pedido #000049378 já foi coletada em 07/12 e encontra-se em transporte para o endereço de entrega.Para maiores detalhes, entre em contato através do nosso WhatsApp 11 4003 4343 e tecle 1 para rastreamento de mercadoria.Conte conosco,SAC Sou Energy."
Modulo com avaria ,Fortaleza - CE,22/11/2021 às 10:09,ID: 133288323,Resolvido,Não,3,"Olá, Sales. Tudo bem?Entendemos também que nossa parceria é fundamental para que possamos crescer juntos e compreendemos que problemas no recebimento podem acontecer. Assim, nosso time de Experiência do Cliente entrou em contato com você para esclarecer sua situação em 23/11 e o item de reposição consta como entregue em 06/12 no endereço do cliente final.Reforçamos a importância do acompanhamento do descarregamento e que a conferência é uma responsabilidade da empresa integradora. As instruções de como conferir a carga encontram-se sempre anexas à Nota Fiscal. Em caso de qualquer inconformidade, deve-se sempre realizar a ressalva no campo de observações na frente do CT-e, via da transportadora. Conte conosco,SAC Sou Energy."
Monitoramento,Salvador - BA,15/11/2021 às 08:51,ID: 132902641,Não resolvido,Não,0,"Olá, Paulo.O aplicativo de monitoramento é uma responsabilidade direta dos fornecedores do equipamento. Nosso time de Suporte Técnico está pronto para auxiliá-lo com quaisquer dúvidas. Basta acessar nossos canais de relacionamento. Os desenvolvimentos para correção das falhas relatadas já estão em andamento. Reforçamos que as falhas pontuais de monitoramento não ocasionam prejuízo na geração de energia.Conte conosco,SAC Sou Energy."
"Inversor com Problemas, ",Teresina - PI,22/10/2021 às 11:14,ID: 131650177,Resolvido,Sim,7,"Olá, Valdenice, tudo bom?Nosso time de Suporte Técnico entrou em contato e constatamos que o inversor estava com parâmetros de tensão diferente do padrão do rede. Realizamos a configuração dos parâmetros para a faixa de tensão correta e verificamos que ele está operando normalmente.Conte conosco,SAC Sou Energy."
Recebeu o valor total financiado e não repassou,Araruama - RJ,25/09/2021 às 18:25,ID: 130217851,Resolvido,Não,0,"Olá Eduardo.Sentimos muito pelo ocorrido. Nosso time de Relacionamento entrou em contato com você para atualizá-lo da situação, enquanto nosso time Financeiro atuava na resolução desta pendência. Já executamos o ressarcimento total dos valores à financeira e esperamos que possamos continuar a fortalecer nossa parceria.Qualquer dúvida você pode entrar em contato através dos nossos canais de telefone ou WhatsApp 11 4003 4343, ou nosso e-mail sol@souenergy.com.brConte conosco,SAC Sou Energy."
MICROINVERSOR QUEIMADOS,Mãe do Rio - PA,07/09/2021 às 20:24,ID: 129266387,Em réplica,,,
Satisfeito,Rio de Janeiro - RJ,04/09/2021 às 15:56,ID: 129159171,Respondida,,,
TROCA DE EQUIPAMENTO,São Carlos - SP,25/08/2021 às 17:46,ID: 128670939,Em réplica,,,
Atraso no estorno e demora nas respostas,Betim - MG,19/08/2021 às 08:52,ID: 128350835,Em réplica,,,
ENTREGA DE PRODUTO COM DEFEITO,São Paulo - SP,18/08/2021 às 17:30,ID: 128327309,Respondida,,,
Falta de itens no Kit Vendido,GOIANIA - GO,16/08/2021 às 12:39,ID: 128180631,Respondida,,,
Entrega com atraso e falta de materiais,Rondonópolis - MT,13/08/2021 às 09:42,ID: 128064925,Não resolvido,Não,0,"Olá, Alex Silva. Tudo bom?Nosso time de relacionamento entrou em contato, sobre a sua situação. Identificamos que houve uma falha no envio de um insumo referente ao pedido 27598. Pedimos desculpas pelo ocorrido e reafirmamos que temos buscado melhorar nossos processos para que não retorne a acontecer.Verifiquei aqui que o material de reposição foi entregue com sucesso dia 04/09. Para maiores esclarecimentos ou outras solicitações, você pode entrar em contato através do nosso canal de atendimento ou do e-mail sol@souenergy.com.br.Conte conosco,SAC Sou Energy"
MATERIAL FALTANDO (DESCASO),Lauro de Freitas - BA,10/08/2021 às 11:03,ID: 127891743,Resolvido,Não,5,"Olá, João Pedro. Tudo bom?Nosso time de relacionamento entrou em contato com seu integrador sobre a sua situação. Identificamos que houve uma falha no envio de um insumo referente ao pedido 28816. Pedimos desculpas pelo ocorrido e reafirmamos que temos buscado melhorar nossos processos para que não retorne a acontecer.Verifiquei aqui que o material de reposição foi entregue com sucesso dia 23/08. Para maiores esclarecimentos ou outras solicitações, você pode entrar em contato através do nosso canal de atendimento ou do e-mail sol@souenergy.com.br.Conte conosco,SAC Sou Energy"
Falta de cumprimento de prazo,Fortaleza - CE,16/07/2021 às 12:48,ID: 126729509,Resolvido,Sim,10,"Entramos em contato com a cliente, realmente houve um pequeno atraso, mas a situação já foi solucionada."
Não entregou todos os produtos e avaria em paineis,Uberlândia - MG,07/06/2021 às 13:17,ID: 124920565,Em réplica,,,
Não entregam a mercadoria,Santana da Vargem - MG,06/06/2021 às 12:40,ID: 124884311,Resolvido,Sim,10,"Bom dia Mauro, pode por favor me informar os dados do pedido pra que eu possa verificar o que houve?"
Atendimento Ruim - Entrega Atrasada,Santo Antônio de Jesus - BA,01/06/2021 às 16:40,ID: 124706739,Em réplica,,,
Não cumpre o orçamento,Fortaleza - CE,11/05/2021 às 18:47,ID: 123783531,Não resolvido,Não,0,"Olá Mariana,Entramos em contato com você para entender um pouco melhor essa situação e verificar a melhor resolução do seu caso, ficamos no aguardo da sua resposta.Conte conosco,SAC Sou Energy."
"NÃO CUMPRE OS PRAZOS, VENDE PRODUTO QUE NÃO TEM EM ESTOQUE.",Rio de Janeiro - RJ,04/05/2021 às 10:12,ID: 123428403,Respondida,,,
Uma empresa que não hora a data de entrega programada para seus produtos.,São Paulo - SP,03/05/2021 às 17:26,ID: 123399101,Resolvido,Sim,10,"Oie Wagner, tudo bem?Entrei em contato com você por e-mail para acompanhar o seu caso, lamento que não tenha tido sucesso na resolução do problema. Peço que se for possível entre em contato comigo pelo link que lhe enviei no e-mail para buscarmos entender melhor sua situação.Atenciosamente,Sucesso do Cliente."
Zero suporte no pós venda,Fortaleza - CE,06/04/2021 às 17:08,ID: 122094441,Não resolvido,Não,6,"Olá, Tales,A Sou Energy é uma empresa de distribuição de geradores fotovoltaicos. A venda e instalação é realizada por empresas revendedoras.Nosso suporte é gratuito através do número (85) 9 9269 7490, basta entrar em contato e temos um time técnico super capacitado para verificar os problemas e o acionamento de possíveis garantias.Apesar disso, para que possamos atuar junto aos problemas na ponta, é necessário que sejam fornecidos alguns dados. A coleta dessas informações deverá ser realizado por profissional técnico capacitado que poderá ser ou não da empresa responsável pela instalação.Conte conosco,SAC Sou Energy."
ENTREGA EM ATRASO NÃO TEM O PRODUTO PARA ENVIO,Ubá - MG,10/03/2021 às 04:22,ID: 120768305,Resolvido,Sim,9,"Olá Cesar tudo bem? Lamento que tenha passado por essa situação, em razão do cenário atual houve alteração na data de chegada de alguns insumos do kit fotovoltaico no nosso CD, alterando um pouco o nosso prazo de expedição e consequentemente a entrega dos produtos.Verifiquei aqui no sistema e já foi feito o reembolso desse valor no dia 10/03, a nota de devolução gerada foi referente a NF 17493, caso reste alguma dúvida pode entrar em contato pelo e-mail sucessodocliente02@souenergy.com.br.Conte conosco,Sucesso do cliente Sou Energy."
NÃO COMPREM COM A SOU ENERGY,Araçatuba - SP,05/03/2021 às 11:03,ID: 120547557,Respondida,,,
NÃO CUMPRE PRAZO DE ENTREGA,Piumhi - MG,05/03/2021 às 10:49,ID: 120546499,Respondida,,,
Entrega demorada.,Uberlândia - MG,22/02/2021 às 23:50,ID: 120017307,Respondida,,,
Não entregam os itens da suas promoções,Alta Floresta - MT,19/02/2021 às 18:41,ID: 119896095,Em réplica,,,
Sou Energy Solar/Mais Solar não entrega no prazo,Eusébio - CE,17/02/2021 às 18:19,ID: 119783263,Respondida,,,
Painel solar quebrado,Recife - PE,12/02/2021 às 15:00,ID: 119575773,Respondida,,,
Painel solar chegou quebrado,Guarani das Missões - RS,12/02/2021 às 00:47,ID: 119548101,Em réplica,,,
"Atraso na entrega não comprem, pois não irá receber.",Uberaba - MG,10/02/2021 às 17:53,ID: 119475421,Não resolvido,Não,1,"Olá, Sr. Giovani,Nosso Time de Sucesso do Cliente entrará em contato com você para tratar sobre seus pedidos e nossas ações direcionadas aos revendedores afetados pelas alterações nas datas de expedição.Conte conosco,SAC Sou Energy"
Atraso de mais de um mês na entrega dos equipamentos,Monte Carmelo - MG,08/02/2021 às 11:06,ID: 119325229,Respondida,,,
Atraso de mais de 1mes na entrega dos produtos,Monte Carmelo - MG,03/02/2021 às 12:22,ID: 119114841,Respondida,,,
Mais de 3 meses e não entregou,Janaúba - MG,01/02/2021 às 17:26,ID: 119014057,Respondida,,,
SOU ENERGY NÃO CUMPRE PRAZOS DE ENTREGA,Aracaju - SE,29/01/2021 às 18:33,ID: 118912291,Resolvido,Sim,7,"Olá Carlos César,Compreendemos sua frustração com a alteração das datas. Estamos trabalhando ao máximo para o cumprimento dos prazos, todavia temos passado por um período desafiador impactando diretamente nossos negócios e nossas parcerias.A Modalidade da sua compra foi em Pré-Venda com data prevista de chegada dos equipamentos até 25/12 e expedição até 04/01. Por conta dos trâmites logísticos de importação, de fato, a data do seu pedido sofreu alterações. Todavia, confirmo que seu pedido foi expedido em 30/01 e encontra-se em transporte para o endereço de entrega.Por fim, asseguro que, nesses casos, para minimizar o impacto, temos mecanismos de compensação financeira voltados a nossos revendedores e seus respectivos clientes finais. Para maiores detalhes, você pode entrar em contato com seu revendedor.Conte conosco,SAC Sou Energy."
ENTREGA DE MATERIAL EM ATRASO,Niterói - RJ,29/01/2021 às 14:05,ID: 118897451,Em réplica,,,
não entregaram o materia,Manaus - AM,25/01/2021 às 17:54,ID: 118681921,Respondida,,,
Meu atendimento,Igarassu - PE,21/01/2021 às 19:22,ID: 118531805,Respondida,,,
Baixo rendimento do Micro Inversor Hoymiles,Fortaleza - CE,21/01/2021 às 12:02,ID: 118503301,Resolvido,Sim,8,"Olá, Sr. Ernandes,A Sou Energy atua estritamente no ramo de distribuição, não realizando instalação de quaisquer geradores. Buscamos sempre responder a dúvidas e questionamentos do cliente final de nossos revendedores com transparência. Identificamos que o revendedor contatou o suporte técnico da Sou Energy, verificando que o Microinversor em questão apresentava problemas e o revendedor realizou sua troca em 05 de janeiro.Conforme seu pedido, o revendedor responsável foi a Mais Solar. Em caso de dúvidas futuras, por favor, contate seu revendedor responsável.Conte conosco,SAC Sou Energy"
Inversor quebrado,Farias Brito - CE,17/01/2021 às 14:17,ID: 118282127,Resolvido,Sim,9,"Olá, Sr. Cícero,conforme acordado com o Revendedor responsável pela instalação em sua residência, o inversor será trazido para análise na quinta-feira (21/01). A partir da análise, poderemos tomar providências. Esperamos auxiliá-lo a resolver o problema o mais breve possível.Atenciosamente,SAC Sou Energy"
ATRASO PARA EXPEDIÇÃO DO MATERIAL - NÃO COMPREM NA SOU ENERGY,Ituiutaba - MG,14/01/2021 às 22:50,ID: 118185633,Não resolvido,Não,0,"Olá, prezado cliente,Atualizamos que, no momento, este caso está sendo tratado pelo gerente comercial da Sou Energy, Igor Batista, para que a melhor solução seja encontrada.Atenciosamente,SAC Sou Energy"
NÃO COMPREM NA SOU ENERGY!,Timbaúba - PE,14/01/2021 às 20:54,ID: 118181165,Respondida,,,
Extravio de inversor comprado na Sou Energy,Uberlândia - MG,11/11/2020 às 10:18,ID: 114877727,Resolvido,Sim,7,"Olá, Sr. Wanderson, conforme acordado via ligação, o seu pedido será entregue até dia 20/11. O mesmo foi localizado e reagrupado junto aos demais volumes na quarta-feira.Conte conosco.À disposição,SAC Sou Energy"
placa solar não funciona,Fortaleza - CE,26/09/2020 às 10:37,ID: 112614273,Respondida,,,
Instalação mal feita,Fortaleza - CE,16/05/2020 às 07:29,ID: 104520671,Não resolvido,Não,1,"Olá, Sra. Lidianny, bom dia,Conforme informado previamente, a Sou Energy é apenas distribuidora de equipamentos fotovoltaicos. A instalação é de responsabilidade de terceiros.Entretanto, entramos em contato com a empresa responsável pela instalação e a mesma informou que irá fazer uma verificação na obra na terça-feira (19/05). Esperamos tê-la ajudado! Conte conosco.Atenciosamente,SAC Sou Energy"
Demora na instalação,Fortaleza - CE,25/04/2020 às 11:50,ID: 103375573,Não resolvido,Não,0,"Olá, Sra. Lidianny,conforme explicado via ligação, a Sou Energy é apenas distribuidora de equipamentos fotovoltaicos. A instalação é de responsabilidade de terceiros.Entretanto, em contato com a empresa responsável, soubemos que a demora da instalação se deu pelo período de chuvas intensas e isolamento social (em virtude do COVID-19).A empresa se comprometeu conosco e com a Sra. de fazer uma visita ainda nessa semana.Esperamos tê-la ajudado! Conte conosco.Atenciosamente,SAC Sou Energy"
É isso aí e pronto!!!,Fortaleza - CE,23/10/2019 às 11:34,ID: 96351147,Respondida,,,
